model,seed,best_val_monitor,binary_macro_f1,binary_weighted_f1,binary_accuracy,binary_mcc,binary_auroc,abuse_type_macro_f1,abuse_type_weighted_f1,abuse_type_accuracy,abuse_type_mcc,abuse_type_auroc
banglabert,42,0.8,0.867,0.867,0.8671,0.7344,0.937,0.6317,0.784,0.7849,0.6818,0.9503
banglabert,123,0.8022,0.871,0.871,0.871,0.7422,0.945,0.6291,0.7847,0.7848,0.6855,0.9556
banglabert,456,0.7978,0.867,0.867,0.867,0.734,0.9334,0.6326,0.7856,0.7854,0.6842,0.9427
muril,42,0.8037,0.8635,0.8635,0.8636,0.7276,0.9372,0.6386,0.7835,0.7863,0.6812,0.9519
muril,123,0.8005,0.8629,0.8629,0.8629,0.7259,0.9409,0.6364,0.7808,0.7803,0.6756,0.9546
xlmr,123,0.7954,0.8629,0.8629,0.8629,0.7259,0.9366,0.609,0.7743,0.7755,0.6685,0.9499
xlmr,456,0.7981,0.8618,0.8618,0.8619,0.7245,0.9375,0.6164,0.7771,0.7826,0.6757,0.9513
muril,456,0.7945,0.8627,0.8627,0.8627,0.7256,0.9411,0.6234,0.7759,0.7717,0.6708,0.9544
xlmr,42,0.7826,0.8592,0.8592,0.8593,0.7208,0.9379,0.5998,0.7645,0.7543,0.6452,0.9487
